code,system
11536,readv2
11733,readv2
14848,readv2
35469,readv2
35515,readv2
46607,readv2
52233,readv2
54504,readv2
6107,readv2
6169,readv2
7101,readv2
13212,readv2
14119,readv2
14346,readv2
23173,readv2
2679,readv2
36628,readv2
37237,readv2
47099,readv2
47481,readv2
49392,readv2
52461,readv2
54804,readv2
55495,readv2
55635,readv2
576,readv2
58691,readv2
59365,readv2
7100,readv2
13238,readv2
16185,readv2
47609,readv2
47679,readv2
51453,readv2
55169,readv2
55987,readv2
57786,readv2
9738,readv2
13914,readv2
14331,readv2
21399,readv2
53527,readv2
6868,readv2
14129,readv2
40279,readv2
6643,readv2
6644,readv2
6645,readv2
14512,readv2
31623,readv2
16949,readv2
17014,readv2
17588,readv2
18832,readv2
41492,readv2
18996,readv2
18998,readv2
24116,readv2
23161,readv2
35159,readv2
5810,readv2
5811,readv2
58678,readv2
35658,readv2
35659,readv2
36910,readv2
37097,readv2
37658,readv2
46593,readv2
55747,readv2
56336,readv2
56576,readv2
56742,readv2
56713,readv2
57405,readv2